{"cameraMode":{"drawMode":0,"name":"Shaded","section":"Shading Mode"},"sceneLighting":true,"audioPlay":false,"sceneViewState":{"m_AlwaysRefresh":false,"showFog":true,"showSkybox":true,"showFlares":true,"showImageEffects":true,"showParticleSystems":true,"showVisualEffectGraphs":true,"m_FxEnabled":true},"in2DMode":false,"pivot":{"x":5.7035064697265629,"y":1.5280554294586182,"z":18.964046478271486},"rotation":{"x":0.037405725568532947,"y":0.07158330827951431,"z":-0.0026904859114438297,"w":0.9967474937438965},"size":4.385097026824951,"orthographic":false}